variable,count,mean,std,min,25%,50%,75%,max,original
dummy1,1000.0,0.00016402134943702294,0.009519245899476033,-0.0268816316080346,-0.0065226809423064,-0.00015026695641744999,0.00652287972380105,0.0294306392511156,0.0040253695514671
dummy2,1000.0,7.251585248293376e-05,0.010466911975315043,-0.0402663326425951,-0.0070500962029137,0.00014189109249324998,0.0074284214894658,0.0375549769545671,-0.0028474681972134
x1,1000.0,0.0006014518624561873,3.09209515397869,-8.571016285542946,-2.013235365669087,-0.07290582734878745,2.007680749951239,28.204214178539097,28.204214178539097
x2,1000.0,0.3214817562669904,7.912482812545781,-23.48046773669909,-4.892210501280938,0.19232372357654864,5.231947061928984,75.05086312633081,75.05086312633081
x3,1000.0,-0.00977893563023903,1.8739834576726033,-5.277418460325913,-1.3261505190653367,0.0071827993055022,1.254875898319844,17.754191999216424,17.754191999216424
